address	name	size	status	label	evidence
0x00104E60	SetGsCrt	16	library		Ghidra ee-reloaded export (reference/ghidra/MANIFEST.json): recovered name SetGsCrt at 0x00104E60, unique in the export…
0x00104E80	_Exit	16	library		Ghidra ee-reloaded export (reference/ghidra/MANIFEST.json): recovered name _Exit at 0x00104E80, unique in the export, o…
0x00104F60	RemoveIntcHandler	16	library		Ghidra ee-reloaded export (reference/ghidra/MANIFEST.json): recovered name RemoveIntcHandler at 0x00104F60, unique in t…
0x00104F70	AddDmacHandler	16	library		Ghidra ee-reloaded export (reference/ghidra/MANIFEST.json): recovered name AddDmacHandler at 0x00104F70, unique in the…
0x00104F90	RemoveDmacHandler	16	library		Ghidra ee-reloaded export (reference/ghidra/MANIFEST.json): recovered name RemoveDmacHandler at 0x00104F90, unique in t…
0x00104FA0	_EnableIntc	16	library		Ghidra ee-reloaded export (reference/ghidra/MANIFEST.json): recovered name _EnableIntc at 0x00104FA0, unique in the exp…
0x00104FB0	_DisableIntc	16	library		Ghidra ee-reloaded export (reference/ghidra/MANIFEST.json): recovered name _DisableIntc at 0x00104FB0, unique in the ex…
0x00104FC0	_EnableDmac	16	library		Ghidra ee-reloaded export (reference/ghidra/MANIFEST.json): recovered name _EnableDmac at 0x00104FC0, unique in the exp…
0x00104FD0	_DisableDmac	16	library		Ghidra ee-reloaded export (reference/ghidra/MANIFEST.json): recovered name _DisableDmac at 0x00104FD0, unique in the ex…
0x00105000	_iEnableIntc	16	library		Ghidra ee-reloaded export (reference/ghidra/MANIFEST.json): recovered name _iEnableIntc at 0x00105000, unique in the ex…
0x00105010	_iDisableIntc	16	library		Ghidra ee-reloaded export (reference/ghidra/MANIFEST.json): recovered name _iDisableIntc at 0x00105010, unique in the e…
0x00105020	_iEnableDmac	16	library		Ghidra ee-reloaded export (reference/ghidra/MANIFEST.json): recovered name _iEnableDmac at 0x00105020, unique in the ex…
0x00105030	_iDisableDmac	16	library		Ghidra ee-reloaded export (reference/ghidra/MANIFEST.json): recovered name _iDisableDmac at 0x00105030, unique in the e…
0x00105060	CreateThread	16	library		Ghidra ee-reloaded export (reference/ghidra/MANIFEST.json): recovered name CreateThread at 0x00105060, unique in the ex…
0x00105080	_StartThread	16	library		Ghidra ee-reloaded export (reference/ghidra/MANIFEST.json): recovered name _StartThread at 0x00105080, unique in the ex…
0x001050A0	ExitDeleteThread	16	library		Ghidra ee-reloaded export (reference/ghidra/MANIFEST.json): recovered name ExitDeleteThread at 0x001050A0, unique in th…
0x001050F0	ChangeThreadPriority	16	library		Ghidra ee-reloaded export (reference/ghidra/MANIFEST.json): recovered name ChangeThreadPriority at 0x001050F0, unique i…
0x00105110	RotateThreadReadyQueue	16	library		Ghidra ee-reloaded export (reference/ghidra/MANIFEST.json): recovered name RotateThreadReadyQueue at 0x00105110, unique…
0x00105150	GetThreadId	16	library		Ghidra ee-reloaded export (reference/ghidra/MANIFEST.json): recovered name GetThreadId at 0x00105150, unique in the exp…
0x00105160	ReferThreadStatus	16	library		Ghidra ee-reloaded export (reference/ghidra/MANIFEST.json): recovered name ReferThreadStatus at 0x00105160, unique in t…
0x00105180	SleepThread	16	library		Ghidra ee-reloaded export (reference/ghidra/MANIFEST.json): recovered name SleepThread at 0x00105180, unique in the exp…
0x00105190	WakeupThread	16	library		Ghidra ee-reloaded export (reference/ghidra/MANIFEST.json): recovered name WakeupThread at 0x00105190, unique in the ex…
0x001051A0	_iWakeupThread	16	library		Ghidra ee-reloaded export (reference/ghidra/MANIFEST.json): recovered name _iWakeupThread at 0x001051A0, unique in the…
0x001051D0	SuspendThread	16	library		Ghidra ee-reloaded export (reference/ghidra/MANIFEST.json): recovered name SuspendThread at 0x001051D0, unique in the e…
0x001051E0	_iSuspendThread	16	library		Ghidra ee-reloaded export (reference/ghidra/MANIFEST.json): recovered name _iSuspendThread at 0x001051E0, unique in the…
0x00105240	EndOfHeap	16	library		Ghidra ee-reloaded export (reference/ghidra/MANIFEST.json): recovered name EndOfHeap at 0x00105240, unique in the expor…
0x00105260	CreateSema	16	library		Ghidra ee-reloaded export (reference/ghidra/MANIFEST.json): recovered name CreateSema at 0x00105260, unique in the expo…
0x00105270	DeleteSema	16	library		Ghidra ee-reloaded export (reference/ghidra/MANIFEST.json): recovered name DeleteSema at 0x00105270, unique in the expo…
0x00105280	SignalSema	16	library		Ghidra ee-reloaded export (reference/ghidra/MANIFEST.json): recovered name SignalSema at 0x00105280, unique in the expo…
0x00105290	iSignalSema	16	library		Ghidra ee-reloaded export (reference/ghidra/MANIFEST.json): recovered name iSignalSema at 0x00105290, unique in the exp…
0x001052A0	WaitSema	16	library		Ghidra ee-reloaded export (reference/ghidra/MANIFEST.json): recovered name WaitSema at 0x001052A0, unique in the export…
0x001052B0	PollSema	16	library		Ghidra ee-reloaded export (reference/ghidra/MANIFEST.json): recovered name PollSema at 0x001052B0, unique in the export…
0x001054E0	FlushCache	16	library		Ghidra ee-reloaded export (reference/ghidra/MANIFEST.json): recovered name FlushCache at 0x001054E0, unique in the expo…
0x00105530	sceSifStopDma	16	library		Ghidra ee-reloaded export (reference/ghidra/MANIFEST.json): recovered name sceSifStopDma at 0x00105530, unique in the e…
0x001055A0	GsPutIMR	16	library		Ghidra ee-reloaded export (reference/ghidra/MANIFEST.json): recovered name GsPutIMR at 0x001055A0, unique in the export…
0x001055D0	SetVSyncFlag	16	library		Ghidra ee-reloaded export (reference/ghidra/MANIFEST.json): recovered name SetVSyncFlag at 0x001055D0, unique in the ex…
0x00105600	sceSifDmaStat	16	library		Ghidra ee-reloaded export (reference/ghidra/MANIFEST.json): recovered name sceSifDmaStat at 0x00105600, unique in the e…
0x00105620	sceSifSetDma	16	library		Ghidra ee-reloaded export (reference/ghidra/MANIFEST.json): recovered name sceSifSetDma at 0x00105620, unique in the ex…
0x00105630	isceSifSetDma	16	library		Ghidra ee-reloaded export (reference/ghidra/MANIFEST.json): recovered name isceSifSetDma at 0x00105630, unique in the e…
0x00105640	sceSifSetDChain	16	library		Ghidra ee-reloaded export (reference/ghidra/MANIFEST.json): recovered name sceSifSetDChain at 0x00105640, unique in the…
0x00105650	isceSifSetDChain	16	library		Ghidra ee-reloaded export (reference/ghidra/MANIFEST.json): recovered name isceSifSetDChain at 0x00105650, unique in th…
0x00105660	sceSifSetReg	16	library		Ghidra ee-reloaded export (reference/ghidra/MANIFEST.json): recovered name sceSifSetReg at 0x00105660, unique in the ex…
0x00105670	sceSifGetReg	16	library		Ghidra ee-reloaded export (reference/ghidra/MANIFEST.json): recovered name sceSifGetReg at 0x00105670, unique in the ex…
0x00105690	Deci2Call	16	library		Ghidra ee-reloaded export (reference/ghidra/MANIFEST.json): recovered name Deci2Call at 0x00105690, unique in the expor…
0x00105EA8	RFU116_SetSyscall	16	library		Ghidra ee-reloaded export (reference/ghidra/MANIFEST.json): recovered name RFU116_SetSyscall at 0x00105EA8, unique in t…
0x00105F00	RFU091	16	library		Ghidra ee-reloaded export (reference/ghidra/MANIFEST.json): recovered name RFU091 at 0x00105F00, unique in the export,…
