address	name	label
0x00100000	func_00100000	core
0x00100008	entry	platform
0x001000A8	func_001000A8	core
0x001000B0	func_001000B0	core
0x0011F5E0	func_0011F5E0	platform
0x0011FA00	func_0011FA00	core
0x0011FA50	func_0011FA50	platform
0x0011FE50	func_0011FE50	gameplay/game_00.001
0x0011FEA0	func_0011FEA0	gameplay/game_00.001
0x00120100	func_00120100	gameplay/game_00.001
0x00120160	func_00120160	gameplay/game_00.001
0x001201D0	func_001201D0	gameplay/game_00.001
0x00120230	func_00120230	gameplay/game_00.001
0x00120270	func_00120270	gameplay/game_00.001
0x001202B0	func_001202B0	gameplay/game_00.001
0x001202F0	func_001202F0	gameplay/game_00.001
0x00120340	func_00120340	gameplay/game_00.001
0x001203A0	func_001203A0	gameplay/game_00.001
0x001207D0	func_001207D0	gameplay/game_00.001
0x00120830	func_00120830	gameplay/game_00.001
0x001208A0	func_001208A0	gameplay/game_00.001
0x00120970	func_00120970	gameplay/game_00.001
0x001209F0	func_001209F0	gameplay/game_00.001
0x00120A50	func_00120A50	gameplay/game_00.001
0x00120A70	func_00120A70	platform
0x00120C00	func_00120C00	gameplay/game_00.001
0x00120CE0	func_00120CE0	gameplay/game_00.001
0x00120D90	func_00120D90	gameplay/game_00.001
0x00120DC0	func_00120DC0	gameplay/game_00.001
0x00120DF0	func_00120DF0	gameplay/game_00.001
0x00120E30	func_00120E30	gameplay/game_00.001
0x00120E70	func_00120E70	platform
0x00121100	func_00121100	gameplay/game_00.001
0x001211C0	func_001211C0	gameplay/game_00.001
0x001211E0	func_001211E0	platform
0x00121250	func_00121250	platform
0x001213F0	func_001213F0	gameplay/game_00.001
0x001214F0	func_001214F0	core
0x001215A0	func_001215A0	gameplay/game_00.001
0x001215E0	func_001215E0	core
0x00121640	func_00121640	core
0x00121690	func_00121690	gameplay/game_00.001
0x001216E0	func_001216E0	platform
0x001217C0	func_001217C0	gameplay/game_00.001
0x001217E0	func_001217E0	gameplay/game_00.001
0x00121820	func_00121820	gameplay/game_00.002
0x00121880	func_00121880	platform
0x00121900	func_00121900	gameplay/game_00.002
0x00121930	func_00121930	gameplay/game_00.002
0x00121A60	func_00121A60	platform
0x00121AD0	func_00121AD0	gameplay/game_00.002
0x00121B10	func_00121B10	gameplay/game_00.002
0x00121C10	func_00121C10	gameplay/game_00.003
0x00121C70	func_00121C70	gameplay/game_00.002
0x00121D60	func_00121D60	gameplay/game_00.002
0x00121E50	func_00121E50	gameplay/game_00.002
0x00121F20	func_00121F20	gameplay/game_00.002
0x00121F30	func_00121F30	gameplay/game_00.002
0x00121FE0	func_00121FE0	gameplay/game_00.002
0x001221F0	func_001221F0	gameplay/game_00.004
0x00122260	func_00122260	gameplay/game_00.004
0x00122310	func_00122310	gameplay/game_00.004
0x00122360	func_00122360	gameplay/game_00.004
0x00122380	func_00122380	gameplay/game_00.004
0x001223D0	func_001223D0	gameplay/game_00.004
0x001223F0	func_001223F0	gameplay/game_00.004
0x00122400	func_00122400	gameplay/game_00.004
0x00122410	func_00122410	gameplay/game_00.004
0x00122420	func_00122420	gameplay/game_00.004
0x00122430	func_00122430	gameplay/game_00.004
0x00122440	func_00122440	gameplay/game_00.004
0x00122450	func_00122450	gameplay/game_00.004
0x00122460	func_00122460	platform
0x00122480	func_00122480	gameplay/game_00.004
0x00122490	func_00122490	gameplay/game_00.004
0x001224A0	func_001224A0	gameplay/game_00.003
0x00122510	func_00122510	gameplay/game_00.003
0x001227B0	func_001227B0	gameplay/game_00.003
0x00122800	func_00122800	gameplay/game_00.003
0x00122870	func_00122870	gameplay/game_00.003
0x00122880	func_00122880	gameplay/game_00.003
0x001228C0	func_001228C0	gameplay/game_00.003
0x00122AE0	func_00122AE0	gameplay/game_00.003
0x00122C30	func_00122C30	gameplay/game_00.003
0x00122CF0	func_00122CF0	gameplay/game_00.003
0x00122DE0	func_00122DE0	gameplay/game_00.003
0x00122FE0	func_00122FE0	gameplay/game_00.003
0x00123080	func_00123080	gameplay/game_00.003
0x00123150	func_00123150	platform
0x00123370	func_00123370	platform
0x00123400	func_00123400	platform
0x00123480	func_00123480	gameplay/game_00.003
0x001234E0	func_001234E0	gameplay/game_00.003
0x00123520	func_00123520	platform
0x00123590	func_00123590	gameplay/game_00.005
0x00123620	func_00123620	gameplay/game_00.005
0x00123700	func_00123700	platform
0x00123850	func_00123850	gameplay/game_00.005
0x001238B0	func_001238B0	gameplay/game_00.005
0x001238D0	func_001238D0	gameplay/game_00.005
0x001238E0	func_001238E0	gameplay/game_00.005
0x00123F50	func_00123F50	core
0x00123F70	func_00123F70	gameplay/game_00.003
0x00124010	func_00124010	gameplay/game_00.003
0x00124080	func_00124080	platform
0x00124110	func_00124110	core
0x001241A0	func_001241A0	gameplay/game_00.003
0x001242D0	func_001242D0	gameplay/game_00.003
0x00124360	func_00124360	gameplay/game_00.003
0x00124390	func_00124390	gameplay/game_00.005
0x001243D0	func_001243D0	gameplay/game_00.005
0x001244C0	func_001244C0	gameplay/game_00.005
0x00124500	func_00124500	gameplay/game_00.003
0x001247B0	func_001247B0	gameplay/game_00.003
0x00124900	func_00124900	gameplay/game_00.003
0x001249B0	func_001249B0	gameplay/game_00.003
0x00124A50	func_00124A50	gameplay/game_00.003
0x00124AE0	func_00124AE0	gameplay/game_00.003
0x00124BC0	func_00124BC0	gameplay/game_00.003
0x00124CD0	func_00124CD0	gameplay/game_00.003
0x00124E10	func_00124E10	gameplay/game_00.003
0x00124EC0	func_00124EC0	platform
0x001250F0	func_001250F0	core
0x00125260	func_00125260	core
0x00125350	func_00125350	core
0x00125530	func_00125530	gameplay/game_00.003
0x00125690	func_00125690	gameplay/game_00.003
0x001256B0	func_001256B0	gameplay/game_00.003
0x00125730	func_00125730	gameplay/game_00.003
0x00125740	func_00125740	gameplay/game_00.005
0x00125820	func_00125820	gameplay/game_00.005
0x00125B50	func_00125B50	gameplay/game_00.005
0x00125C30	func_00125C30	gameplay/game_00.005
0x00125C90	func_00125C90	gameplay/game_00.005
0x00125CF0	func_00125CF0	gameplay/game_00.005
0x00125D20	func_00125D20	core
0x00125EA0	func_00125EA0	gameplay/game_00.003
0x00126140	func_00126140	gameplay/game_00.005
0x00126320	func_00126320	gameplay/game_00.003
0x001265C0	func_001265C0	gameplay/game_00.003
0x00126880	func_00126880	gameplay/game_00.003
0x00126900	func_00126900	gameplay/game_00.003
0x001269A0	func_001269A0	core
0x00127040	func_00127040	gameplay/game_00.003
0x00127570	func_00127570	platform
0x00127650	func_00127650	gameplay/game_00.003
0x001276F0	func_001276F0	gameplay/game_00.005
0x00127750	func_00127750	gameplay/game_00.006
0x001277C0	func_001277C0	core
0x00127810	func_00127810	gameplay/game_00.005
0x00127840	func_00127840	core
0x001278A0	func_001278A0	gameplay/game_00.005
0x00127900	func_00127900	gameplay/game_00.005
0x00127930	func_00127930	core
0x00127BA0	func_00127BA0	core
0x00127FD0	func_00127FD0	platform
0x00128B30	func_00128B30	gameplay/game_00.007
0x00128B40	func_00128B40	gameplay/game_00.007
0x00128B90	func_00128B90	core
0x00128C00	func_00128C00	core
0x00128C40	func_00128C40	platform
0x00128CB0	func_00128CB0	core
0x00129010	func_00129010	core
0x00129050	func_00129050	gameplay/game_00.007
0x00129060	func_00129060	core
0x00129070	func_00129070	gameplay/game_00.001
0x001290E0	func_001290E0	gameplay/game_00.001
0x00129140	func_00129140	gameplay/game_00.001
0x00129190	func_00129190	gameplay/game_00.001
0x00129240	func_00129240	gameplay/game_00.001
0x001292C0	func_001292C0	gameplay/game_00.007
0x001296C0	func_001296C0	gameplay/game_00.005
0x0012A0B0	func_0012A0B0	gameplay/game_00.001
0x0012A8C0	func_0012A8C0	gameplay/game_00.001
0x0012A910	func_0012A910	gameplay/game_00.001
0x0012AA10	func_0012AA10	core
0x0012AA40	func_0012AA40	gameplay/game_00.008
0x0012AE80	func_0012AE80	gameplay/game_00.008
0x0012AED0	func_0012AED0	gameplay/game_00.008
0x0012AF20	func_0012AF20	core
0x0012AFB0	func_0012AFB0	gameplay/game_00.008
0x0012B0F0	func_0012B0F0	gameplay/game_00.008
0x0012B160	func_0012B160	gameplay/game_00.008
0x0012B1F0	func_0012B1F0	gameplay/game_00.008
0x0012B260	func_0012B260	gameplay/game_00.008
0x0012B2D0	func_0012B2D0	gameplay/game_00.008
0x0012B2E0	func_0012B2E0	gameplay/game_00.008
0x0012B490	func_0012B490	gameplay/game_00.008
0x0012B4A0	func_0012B4A0	gameplay/game_00.008
0x0012B5E0	func_0012B5E0	gameplay/game_00.008
0x0012B6D0	func_0012B6D0	gameplay/game_00.008
0x0012B800	func_0012B800	gameplay/game_00.008
0x0012B930	func_0012B930	gameplay/game_00.008
0x0012BA70	func_0012BA70	gameplay/game_00.008
0x0012BA80	func_0012BA80	gameplay/game_00.008
0x0012BA90	func_0012BA90	gameplay/game_00.008
0x0012BAA0	func_0012BAA0	gameplay/game_00.008
0x0012BAB0	func_0012BAB0	gameplay/game_00.008
0x0012BAC0	func_0012BAC0	gameplay/game_00.008
0x0012BD70	func_0012BD70	gameplay/game_00.008
0x0012BDD0	func_0012BDD0	platform
0x0012C380	func_0012C380	gameplay/game_00.008
0x0012C4B0	func_0012C4B0	gameplay/game_00.003
0x0012C590	func_0012C590	gameplay/game_00.008
0x0012C660	func_0012C660	gameplay/game_00.008
0x0012C670	func_0012C670	gameplay/game_00.008
0x0012C680	func_0012C680	gameplay/game_00.008
0x0012C690	func_0012C690	gameplay/game_00.008
0x0012C6A0	func_0012C6A0	gameplay/game_00.002
0x0012C6E0	func_0012C6E0	gameplay/game_00.002
0x0012C710	func_0012C710	gameplay/game_00.002
0x0012C810	func_0012C810	platform
0x0012C840	func_0012C840	platform
0x0012C8C0	func_0012C8C0	gameplay/game_00.003
0x0012C8F0	func_0012C8F0	core
0x0012C950	func_0012C950	platform
0x0012C9C0	func_0012C9C0	platform
0x0012CA30	func_0012CA30	platform
0x0012CA60	func_0012CA60	platform
0x0012CA90	func_0012CA90	platform
0x0012CB10	func_0012CB10	gameplay/game_00.003
0x0012D430	func_0012D430	core
0x0012D450	func_0012D450	core
0x0012D4E0	func_0012D4E0	gameplay/game_00.007
0x0012D560	func_0012D560	gameplay/game_00.007
0x0012D5E0	func_0012D5E0	gameplay/game_00.007
0x0012D900	func_0012D900	gameplay/game_00.006
0x0012D9E0	func_0012D9E0	gameplay/game_00.006
0x0012DAC0	func_0012DAC0	gameplay/game_00.006
0x0012DBA0	func_0012DBA0	core
0x0012DD20	func_0012DD20	platform
0x0012DDB0	func_0012DDB0	core
0x0012DE80	func_0012DE80	gameplay/game_00.008
0x0012DF10	func_0012DF10	platform
0x0012E190	func_0012E190	gameplay/game_00.008
0x0012E350	func_0012E350	gameplay/game_00.005
0x0012E500	func_0012E500	gameplay/game_00.002
0x0012E6D0	func_0012E6D0	gameplay/game_00.002
0x0012E820	func_0012E820	platform
0x0012E850	func_0012E850	platform
0x0012E870	func_0012E870	platform
0x0012E8A0	func_0012E8A0	platform
0x0012E8E0	func_0012E8E0	platform
0x0012E920	func_0012E920	platform
0x0012E950	func_0012E950	platform
0x0012E970	func_0012E970	platform
0x0012E9A0	func_0012E9A0	platform
0x0012E9C0	func_0012E9C0	platform
0x0012E9E0	func_0012E9E0	platform
0x0012EA00	func_0012EA00	platform
0x0012EA20	func_0012EA20	platform
0x0012EA50	func_0012EA50	platform
0x0012EA80	func_0012EA80	platform
0x0012EBF0	func_0012EBF0	platform
0x0012ED30	func_0012ED30	gameplay/game_00.009
0x0012EDF0	func_0012EDF0	platform
0x0012EE10	func_0012EE10	platform
0x0012EE30	func_0012EE30	platform
0x0012EE50	func_0012EE50	platform
0x0012EE70	func_0012EE70	platform
0x0012EE90	func_0012EE90	platform
0x0012EEC0	func_0012EEC0	gameplay/game_00.010
0x0012EEE0	func_0012EEE0	gameplay/game_00.010
0x0012EEF0	func_0012EEF0	gameplay/game_00.010
0x0012EF40	func_0012EF40	platform
0x0012F0B0	func_0012F0B0	gameplay/game_00.010
0x0012F110	func_0012F110	gameplay/game_00.010
0x0012F190	func_0012F190	platform
0x0012F300	func_0012F300	platform
0x0012F440	func_0012F440	gameplay/game_00.010
0x0012F4E0	func_0012F4E0	platform
0x0012F730	func_0012F730	gameplay/game_00.010
0x0012F790	func_0012F790	gameplay/game_00.010
0x0012F810	func_0012F810	platform
0x0012F9C0	func_0012F9C0	platform
0x0012FB30	func_0012FB30	gameplay/game_00.010
0x0012FC00	func_0012FC00	platform
0x0012FEB0	func_0012FEB0	gameplay/game_00.010
0x0012FF10	func_0012FF10	gameplay/game_00.010
0x0012FF90	func_0012FF90	gameplay/game_00.010
0x0012FFE0	func_0012FFE0	platform
0x00130150	func_00130150	gameplay/game_00.010
0x001301B0	func_001301B0	gameplay/game_00.010
0x00130230	func_00130230	gameplay/game_00.010
0x001302D0	func_001302D0	platform
0x00130520	func_00130520	gameplay/game_00.010
0x00130580	func_00130580	gameplay/game_00.010
0x00130600	func_00130600	gameplay/game_00.010
0x001306D0	func_001306D0	platform
0x00130980	func_00130980	gameplay/game_00.010
0x001309E0	func_001309E0	gameplay/game_00.010
0x00130A60	func_00130A60	gameplay/game_00.010
0x00130AD0	func_00130AD0	platform
0x00130D80	func_00130D80	gameplay/game_00.010
0x00130E10	func_00130E10	platform
0x00130EB0	func_00130EB0	platform
0x00131240	func_00131240	gameplay/game_00.010
0x001312F0	func_001312F0	gameplay/game_00.010
0x00131300	func_00131300	gameplay/game_00.010
0x00131310	func_00131310	gameplay/game_00.010
0x00131320	func_00131320	gameplay/game_00.010
0x00131330	func_00131330	gameplay/game_00.010
0x00131340	func_00131340	gameplay/game_00.010
0x00131350	func_00131350	gameplay/game_00.010
0x00131360	func_00131360	gameplay/game_00.010
0x00131370	func_00131370	gameplay/game_00.010
0x00131380	func_00131380	gameplay/game_00.010
0x00131390	func_00131390	gameplay/game_00.010
0x001313A0	func_001313A0	gameplay/game_00.010
0x001313B0	func_001313B0	gameplay/game_00.010
0x00131410	func_00131410	gameplay/game_00.010
0x00131420	func_00131420	gameplay/game_00.010
0x00131430	func_00131430	gameplay/game_00.010
0x00131440	func_00131440	gameplay/game_00.010
0x00131450	func_00131450	gameplay/game_00.010
0x001314B0	func_001314B0	gameplay/game_00.010
0x001314C0	func_001314C0	gameplay/game_00.010
0x001314D0	func_001314D0	gameplay/game_00.010
0x001314E0	func_001314E0	gameplay/game_00.010
0x001314F0	func_001314F0	gameplay/game_00.010
0x00131550	func_00131550	gameplay/game_00.010
0x00131560	func_00131560	gameplay/game_00.010
0x00131570	func_00131570	gameplay/game_00.010
0x00131580	func_00131580	gameplay/game_00.010
0x00131590	func_00131590	gameplay/game_00.010
0x00131620	func_00131620	gameplay/game_00.010
0x00131630	func_00131630	gameplay/game_00.010
0x001316B0	func_001316B0	gameplay/game_00.010
0x00131730	func_00131730	gameplay/game_00.010
0x00131740	func_00131740	gameplay/game_00.010
0x001317A0	func_001317A0	gameplay/game_00.010
0x00131800	func_00131800	gameplay/game_00.010
0x00131810	func_00131810	gameplay/game_00.010
0x00131820	func_00131820	gameplay/game_00.010
0x00131870	func_00131870	gameplay/game_00.010
0x001318C0	func_001318C0	core
0x001319D0	func_001319D0	core
0x00131B30	func_00131B30	platform
0x00132220	func_00132220	gameplay/game_00.011
0x00132240	func_00132240	gameplay/game_00.011
0x001322B0	func_001322B0	gameplay/game_00.011
0x00132330	func_00132330	gameplay/game_00.011
0x001323B0	func_001323B0	gameplay/game_00.011
0x00132440	func_00132440	gameplay/game_00.011
0x001324F0	func_001324F0	gameplay/game_00.011
0x00132580	func_00132580	gameplay/game_00.011
0x00132630	func_00132630	gameplay/game_00.011
0x00132690	func_00132690	gameplay/game_00.003
0x00132700	func_00132700	gameplay/game_00.003
0x00132780	func_00132780	gameplay/game_00.012
0x00132880	func_00132880	gameplay/game_00.003
0x00132970	func_00132970	gameplay/game_00.003
0x00132A60	func_00132A60	gameplay/game_00.003
0x00132B50	func_00132B50	gameplay/game_00.003
0x00132E10	func_00132E10	gameplay/game_00.003
0x001330F0	func_001330F0	gameplay/game_00.012
0x00133350	func_00133350	gameplay/game_00.003
0x00133640	func_00133640	platform
0x00133A30	func_00133A30	gameplay/game_00.003
0x00133CE0	func_00133CE0	platform
0x001340F0	func_001340F0	platform
0x00134520	func_00134520	platform
0x00134660	func_00134660	platform
0x00134880	func_00134880	gameplay/game_00.008
0x001348F0	func_001348F0	platform
0x00134AC0	func_00134AC0	platform
0x00134CF0	func_00134CF0	gameplay/game_00.013
0x00134E20	func_00134E20	platform
0x00134FD0	func_00134FD0	platform
0x00135190	func_00135190	platform
0x00135450	func_00135450	gameplay/game_00.013
0x001354B0	func_001354B0	gameplay/game_00.013
0x00135570	func_00135570	gameplay/game_00.005
0x001355E0	func_001355E0	gameplay/game_00.005
0x001356A0	func_001356A0	gameplay/game_00.005
0x00135710	func_00135710	gameplay/game_00.005
0x00135770	func_00135770	gameplay/game_00.005
0x001357D0	func_001357D0	gameplay/game_00.005
0x00135C70	func_00135C70	gameplay/game_00.005
0x00135CC0	func_00135CC0	gameplay/game_00.005
0x00135D20	func_00135D20	gameplay/game_00.005
0x00135D30	func_00135D30	gameplay/game_00.005
0x00136440	func_00136440	gameplay/game_00.005
0x00136490	func_00136490	gameplay/game_00.005
0x001364F0	func_001364F0	gameplay/game_00.005
0x001365F0	func_001365F0	gameplay/game_00.005
0x001368A0	func_001368A0	gameplay/game_00.005
0x001368F0	func_001368F0	gameplay/game_00.005
0x00136950	func_00136950	gameplay/game_00.005
0x00136A60	func_00136A60	gameplay/game_00.005
0x00136CA0	func_00136CA0	gameplay/game_00.012
0x001370A0	func_001370A0	gameplay/game_00.002
0x001371C0	func_001371C0	gameplay/game_00.002
0x00137500	func_00137500	gameplay/game_00.006
0x001384E0	func_001384E0	gameplay/game_00.011
0x001385A0	func_001385A0	gameplay/game_00.011
0x001386B0	func_001386B0	gameplay/game_00.002
0x00138730	func_00138730	gameplay/game_00.002
0x00138890	func_00138890	gameplay/game_00.006
0x00138F80	func_00138F80	gameplay/game_00.012
0x001392C0	func_001392C0	gameplay/game_00.012
0x00139340	func_00139340	gameplay/game_00.005
0x00139430	func_00139430	gameplay/game_00.012
0x001394F0	func_001394F0	gameplay/game_00.012
0x00139740	func_00139740	gameplay/game_00.012
0x00139810	func_00139810	gameplay/game_00.005
0x00139870	func_00139870	gameplay/game_00.002
0x00139A00	func_00139A00	gameplay/game_00.002
0x00139ED0	func_00139ED0	gameplay/game_00.005
0x0013A080	func_0013A080	gameplay/game_00.005
0x0013A120	func_0013A120	gameplay/game_00.005
0x0013A2E0	func_0013A2E0	platform
0x0013A880	func_0013A880	gameplay/game_00.005
0x0013A8E0	func_0013A8E0	gameplay/game_00.005
0x0013A940	func_0013A940	gameplay/game_00.005
0x0013AA50	func_0013AA50	gameplay/game_00.005
0x0013AC50	func_0013AC50	gameplay/game_00.005
0x0013AC90	func_0013AC90	gameplay/game_00.005
0x0013AD30	func_0013AD30	gameplay/game_00.005
0x0013AD40	func_0013AD40	gameplay/game_00.005
0x0013AFE0	func_0013AFE0	gameplay/game_00.005
0x0013B080	func_0013B080	gameplay/game_00.005
0x0013B0D0	func_0013B0D0	gameplay/game_00.005
0x0013B100	func_0013B100	gameplay/game_00.012
0x0013B160	func_0013B160	gameplay/game_00.012
0x0013B190	func_0013B190	gameplay/game_00.012
0x0013B1F0	func_0013B1F0	gameplay/game_00.013
0x0013B220	func_0013B220	gameplay/game_00.012
0x0013B280	func_0013B280	gameplay/game_00.012
0x0013B2B0	func_0013B2B0	gameplay/game_00.012
0x0013B320	func_0013B320	gameplay/game_00.012
0x0013B350	func_0013B350	gameplay/game_00.005
0x0013B590	func_0013B590	gameplay/game_00.005
0x0013B720	func_0013B720	gameplay/game_00.005
0x0013B7A0	func_0013B7A0	gameplay/game_00.005
0x0013BAE0	func_0013BAE0	gameplay/game_00.014
0x0013BAF0	func_0013BAF0	gameplay/game_00.014
0x0013BB00	func_0013BB00	gameplay/game_00.014
0x0013BB10	func_0013BB10	gameplay/game_00.014
0x0013BB20	func_0013BB20	gameplay/game_00.014
0x0013BC80	func_0013BC80	gameplay/game_00.014
0x0013BD20	func_0013BD20	platform
0x0013BD60	func_0013BD60	gameplay/game_00.007
0x0013BDF0	func_0013BDF0	gameplay/game_00.007
0x0013BE60	func_0013BE60	gameplay/game_00.007
0x0013BEE0	func_0013BEE0	gameplay/game_00.007
0x0013BF30	func_0013BF30	platform
0x0013BFB0	func_0013BFB0	platform
0x0013C1C0	func_0013C1C0	core
0x0013C250	func_0013C250	platform
0x0013C2E0	func_0013C2E0	platform
0x0013C420	func_0013C420	core
0x0013C510	func_0013C510	core
0x0013C590	func_0013C590	gameplay/game_00.007
0x0013C620	func_0013C620	gameplay/game_00.007
0x0013C6D0	func_0013C6D0	gameplay/game_00.007
0x0013C7A0	func_0013C7A0	core
0x0013C7D0	func_0013C7D0	gameplay/game_00.007
0x0013C820	func_0013C820	gameplay/game_00.007
0x0013C830	func_0013C830	gameplay/game_00.007
0x0013D060	func_0013D060	gameplay/game_00.007
0x0013D220	func_0013D220	gameplay/game_00.007
0x0013D280	func_0013D280	gameplay/game_00.007
0x0013D6D0	func_0013D6D0	gameplay/game_00.003
0x0013D8C0	func_0013D8C0	gameplay/game_00.003
0x0013D940	func_0013D940	gameplay/game_00.003
0x0013D950	func_0013D950	gameplay/game_00.003
0x0013DBE0	func_0013DBE0	gameplay/game_00.007
0x0013DBF0	func_0013DBF0	platform
0x0013DCD0	smsBufferPush	core
0x0013DD40	smsBufferPop	core
0x0013DDA0	func_0013DDA0	gameplay/game_00.007
0x0013DDF0	func_0013DDF0	gameplay/game_00.007
0x0013DE00	func_0013DE00	gameplay/game_00.007
0x0013DE10	func_0013DE10	gameplay/game_00.007
0x0013DE20	func_0013DE20	gameplay/game_00.007
0x0013DE70	func_0013DE70	gameplay/game_00.007
0x0013DEA0	func_0013DEA0	core
0x0013DED0	func_0013DED0	gameplay/game_00.007
0x0013DF00	func_0013DF00	gameplay/game_00.007
0x0013DF50	func_0013DF50	core
0x0013DFD0	func_0013DFD0	gameplay/game_00.007
0x0013E050	func_0013E050	gameplay/game_00.012
0x0013E080	func_0013E080	gameplay/game_00.007
0x0013E0E0	func_0013E0E0	gameplay/game_00.007
0x0013E140	func_0013E140	gameplay/game_00.007
0x0013E150	func_0013E150	gameplay/game_00.007
0x0013E160	func_0013E160	core
0x0013E1A0	func_0013E1A0	core
0x0013E1D0	func_0013E1D0	gameplay/game_00.006
0x0013E350	func_0013E350	gameplay/game_00.006
0x0013E3E0	func_0013E3E0	gameplay/game_00.006
0x0013E530	func_0013E530	gameplay/game_00.006
0x0013E620	func_0013E620	gameplay/game_00.006
0x0013E630	func_0013E630	gameplay/game_00.006
0x0013E690	func_0013E690	gameplay/game_00.006
0x0013E6A0	func_0013E6A0	gameplay/game_00.006
0x0013E6B0	func_0013E6B0	gameplay/game_00.006
0x0013E6C0	func_0013E6C0	gameplay/game_00.006
0x0013EBD0	func_0013EBD0	gameplay/game_00.006
0x0013FB70	func_0013FB70	gameplay/game_00.006
0x0013FCB0	func_0013FCB0	platform
0x0013FD20	func_0013FD20	gameplay/game_00.006
0x00140070	func_00140070	gameplay/game_00.006
0x001401F0	func_001401F0	gameplay/game_00.006
0x00140200	func_00140200	gameplay/game_00.006
0x001404D0	func_001404D0	gameplay/game_00.006
0x00140B90	func_00140B90	gameplay/game_00.006
0x00140D30	func_00140D30	gameplay/game_00.006
0x00140D70	func_00140D70	gameplay/game_00.006
0x00140E20	func_00140E20	gameplay/game_00.006
0x00140F10	func_00140F10	gameplay/game_00.006
0x00140F40	func_00140F40	platform
0x00141000	func_00141000	gameplay/game_00.006
0x00141210	func_00141210	platform
0x00141B10	func_00141B10	gameplay/game_00.006
0x00141B20	func_00141B20	platform
0x00142250	func_00142250	platform
0x001426A0	func_001426A0	gameplay/game_00.006
0x00142920	func_00142920	core
0x00142A70	func_00142A70	gameplay/game_00.006
0x00142A80	func_00142A80	gameplay/game_00.005
0x00142E30	func_00142E30	gameplay/game_00.015
0x00142E40	func_00142E40	gameplay/game_00.015
0x00142E50	func_00142E50	gameplay/game_00.015
0x00142E60	func_00142E60	gameplay/game_00.015
0x00142FA0	func_00142FA0	gameplay/game_00.015
0x00143000	func_00143000	gameplay/game_00.015
0x00143050	func_00143050	gameplay/game_00.015
0x001431E0	func_001431E0	gameplay/game_00.015
0x00143220	func_00143220	platform
0x00143560	func_00143560	gameplay/game_00.015
0x001436A0	func_001436A0	gameplay/game_00.015
0x00143700	func_00143700	gameplay/game_00.015
0x00143770	func_00143770	gameplay/game_00.015
0x00143900	func_00143900	gameplay/game_00.015
0x00143940	func_00143940	platform
0x00143C80	func_00143C80	gameplay/game_00.015
0x00143DF0	func_00143DF0	gameplay/game_00.015
0x00143E50	func_00143E50	gameplay/game_00.015
0x00143EB0	func_00143EB0	gameplay/game_00.015
0x00144040	func_00144040	gameplay/game_00.015
0x00144080	func_00144080	gameplay/game_00.005
0x00144280	func_00144280	gameplay/game_00.009
0x001443D0	func_001443D0	gameplay/game_00.009
0x00144430	func_00144430	gameplay/game_00.009
0x001444A0	func_001444A0	gameplay/game_00.009
0x00144630	func_00144630	gameplay/game_00.009
0x00144670	func_00144670	platform
0x00144A20	func_00144A20	gameplay/game_00.009
0x00144C20	func_00144C20	gameplay/game_00.006
0x00144C80	func_00144C80	platform
0x00144E00	func_00144E00	gameplay/game_00.006
0x00144FA0	func_00144FA0	gameplay/game_00.006
0x00144FD0	func_00144FD0	platform
0x00145140	func_00145140	gameplay/game_00.006
0x00145150	func_00145150	gameplay/game_00.006
0x00145160	func_00145160	gameplay/game_00.006
0x001454D0	func_001454D0	gameplay/game_00.006
0x001455F0	func_001455F0	gameplay/game_00.014
0x00145790	func_00145790	gameplay/game_00.014
0x00145800	func_00145800	gameplay/game_00.014
0x001459B0	func_001459B0	gameplay/game_00.014
0x00145A10	func_00145A10	gameplay/game_00.014
0x00145A40	func_00145A40	gameplay/game_00.014
0x00145A70	func_00145A70	gameplay/game_00.014
0x00145A80	func_00145A80	gameplay/game_00.014
0x00145A90	func_00145A90	gameplay/game_memcard.001
0x00145AB0	func_00145AB0	gameplay/game_memcard.001
0x00145AD0	func_00145AD0	gameplay/game_memcard.001
0x00145B80	func_00145B80	gameplay/game_memcard.001
0x00145B90	func_00145B90	gameplay/game_memcard.001
0x00145C20	func_00145C20	gameplay/game_memcard.001
0x00145C30	func_00145C30	gameplay/game_memcard.001
0x00145C90	func_00145C90	gameplay/game_memcard.001
0x00145CE0	func_00145CE0	gameplay/game_memcard.001
0x00145F00	func_00145F00	platform
0x00145FC0	func_00145FC0	core
0x00146060	func_00146060	gameplay/game_memcard.001
0x00146230	func_00146230	gameplay/game_memcard.001
0x001463A0	func_001463A0	gameplay/game_memcard.001
0x001463B0	func_001463B0	gameplay/game_memcard.001
0x001463C0	func_001463C0	gameplay/game_memcard.001
0x001463D0	func_001463D0	gameplay/game_memcard.001
0x001463E0	func_001463E0	gameplay/game_memcard.001
0x001463F0	func_001463F0	platform
0x001464D0	func_001464D0	gameplay/game_memcard.001
0x00146500	func_00146500	platform
0x00146600	func_00146600	platform
0x00146700	func_00146700	platform
0x001467E0	func_001467E0	platform
0x001468E0	func_001468E0	platform
0x001469B0	func_001469B0	platform
0x00146A90	func_00146A90	platform
0x00146B90	func_00146B90	platform
0x00146C60	func_00146C60	platform
0x00146D00	func_00146D00	platform
0x00146D80	func_00146D80	gameplay/game_memcard.001
0x00146E90	func_00146E90	gameplay/game_memcard.001
0x00146EA0	func_00146EA0	gameplay/game_memcard.001
0x00146EC0	func_00146EC0	gameplay/game_memcard.001
0x00146EE0	func_00146EE0	gameplay/game_memcard.001
0x00146FC0	func_00146FC0	gameplay/game_memcard.001
0x00146FD0	func_00146FD0	gameplay/game_memcard.001
0x00147070	func_00147070	gameplay/game_memcard.001
0x00147080	func_00147080	core
0x00147120	func_00147120	core
0x001471C0	func_001471C0	gameplay/game_memcard.001
0x00147250	func_00147250	gameplay/game_memcard.001
0x00147260	func_00147260	core
0x001472F0	func_001472F0	core
0x00147380	func_00147380	gameplay/game_memcard.001
0x001473F0	func_001473F0	gameplay/game_memcard.001
0x00147430	func_00147430	gameplay/game_memcard.001
0x00147440	func_00147440	gameplay/game_memcard.001
0x00147450	func_00147450	gameplay/game_memcard.001
0x00147500	func_00147500	gameplay/game_memcard.001
0x00147510	func_00147510	gameplay/game_memcard.001
0x00147520	func_00147520	gameplay/game_memcard.001
0x00147570	func_00147570	gameplay/game_memcard.001
0x00147B20	func_00147B20	gameplay/game_memcard.001
0x00147B30	func_00147B30	gameplay/game_memcard.001
0x00147B40	func_00147B40	gameplay/game_memcard.001
0x00147B50	func_00147B50	gameplay/game_memcard.001
0x00147B60	func_00147B60	gameplay/game_memcard.001
0x00147B70	func_00147B70	gameplay/game_memcard.001
0x00147B80	func_00147B80	gameplay/game_memcard.001
0x00147BA0	func_00147BA0	gameplay/game_memcard.001
0x00147BC0	func_00147BC0	gameplay/game_memcard.001
0x00147BD0	func_00147BD0	gameplay/game_memcard.001
0x00147BE0	func_00147BE0	gameplay/game_memcard.001
0x00147BF0	func_00147BF0	gameplay/game_memcard.001
0x00147C90	func_00147C90	gameplay/game_memcard.001
0x00147D50	func_00147D50	gameplay/game_memcard.001
0x00147D60	func_00147D60	gameplay/game_memcard.001
0x00147D90	func_00147D90	gameplay/game_memcard.001
0x00147DC0	func_00147DC0	gameplay/game_memcard.001
0x00147EE0	func_00147EE0	gameplay/game_memcard.001
0x00147EF0	func_00147EF0	gameplay/game_memcard.001
0x00147F20	func_00147F20	gameplay/game_memcard.001
0x00147F50	func_00147F50	gameplay/game_memcard.001
0x00147F60	func_00147F60	gameplay/game_00.011
0x00148220	func_00148220	platform
0x00148890	func_00148890	platform
0x00148DB0	func_00148DB0	platform
0x001494C0	func_001494C0	gameplay/game_00.011
0x001496C0	func_001496C0	platform
0x00149B50	func_00149B50	platform
0x0014A220	func_0014A220	platform
0x0014A420	func_0014A420	platform
0x0014A620	func_0014A620	platform
0x0014AA80	func_0014AA80	platform
0x0014AC30	func_0014AC30	platform
0x0014AE50	func_0014AE50	gameplay/game_00.011
0x0014B020	func_0014B020	platform
0x0014B330	func_0014B330	platform
0x0014B640	func_0014B640	gameplay/game_00.011
0x0014B7A0	func_0014B7A0	core
0x0014BF60	func_0014BF60	gameplay/game_00.011
0x0014C2C0	func_0014C2C0	platform
0x0014C560	func_0014C560	gameplay/game_00.011
0x0014C660	func_0014C660	platform
0x0014CA60	func_0014CA60	platform
0x0014D510	func_0014D510	gameplay/game_00.007
0x0014D930	func_0014D930	platform
0x0014DDF0	func_0014DDF0	gameplay/game_00.011
0x0014DEE0	func_0014DEE0	gameplay/game_00.011
0x0014DF80	func_0014DF80	gameplay/game_00.011
0x0014DFF0	func_0014DFF0	gameplay/game_00.011
0x0014E090	func_0014E090	gameplay/game_00.011
0x0014E120	func_0014E120	gameplay/game_00.011
0x0014E190	func_0014E190	platform
0x0014E390	func_0014E390	platform
0x0014E460	func_0014E460	gameplay/game_00.012
0x0014E490	func_0014E490	gameplay/game_01.001
0x0014E650	func_0014E650	platform
0x0014E7D0	func_0014E7D0	gameplay/game_01.001
0x0014EA70	func_0014EA70	gameplay/game_00.011
0x0014EAB0	func_0014EAB0	gameplay/game_00.011
0x0014EAF0	func_0014EAF0	gameplay/game_00.011
0x0014EB30	func_0014EB30	gameplay/game_00.011
0x0014EB90	func_0014EB90	platform
0x0014EC30	func_0014EC30	platform
0x0014ECF0	func_0014ECF0	gameplay/game_00.012
0x0014ED70	func_0014ED70	gameplay/game_00.007
0x0014EE90	func_0014EE90	gameplay/game_00.007
0x0014EF80	func_0014EF80	gameplay/game_00.007
0x0014F060	func_0014F060	gameplay/game_01.002
0x0014F0D0	func_0014F0D0	platform
0x0014F280	func_0014F280	platform
0x0014F320	func_0014F320	gameplay/game_01.002
0x0014F3D0	func_0014F3D0	gameplay/game_01.002
0x0014F590	func_0014F590	platform
0x0014F6C0	func_0014F6C0	platform
0x0014FFD0	func_0014FFD0	platform
0x001502A0	func_001502A0	gameplay/game_00.012
0x00150330	func_00150330	gameplay/game_00.012
0x00150660	func_00150660	gameplay/game_00.012
0x00150760	func_00150760	gameplay/game_00.012
0x001509A0	func_001509A0	gameplay/game_00.012
0x00150B90	func_00150B90	gameplay/game_00.012
0x00150C30	func_00150C30	gameplay/game_00.012
0x00150D00	func_00150D00	gameplay/game_00.012
0x00150D90	func_00150D90	gameplay/game_00.012
0x00150E00	func_00150E00	gameplay/game_00.012
0x00151060	func_00151060	gameplay/game_00.012
0x00151070	func_00151070	gameplay/game_00.012
0x001510C0	func_001510C0	gameplay/game_00.012
0x001512B0	func_001512B0	gameplay/game_01.002
0x00151340	func_00151340	gameplay/game_01.002
0x001513D0	func_001513D0	gameplay/game_01.002
0x00151460	func_00151460	gameplay/game_00.011
0x001514A0	func_001514A0	gameplay/game_00.011
0x001514D0	func_001514D0	gameplay/game_00.011
0x00151530	func_00151530	platform
0x00151600	func_00151600	platform
0x00151730	func_00151730	gameplay/game_00.011
0x001517A0	func_001517A0	gameplay/game_00.007
0x00151820	func_00151820	gameplay/game_01.003
0x001518B0	func_001518B0	gameplay/game_01.003
0x001518C0	func_001518C0	gameplay/game_00.012
0x00151A40	func_00151A40	gameplay/game_00.012
0x00151AF0	func_00151AF0	gameplay/game_00.012
0x00152030	func_00152030	gameplay/game_00.012
0x00152040	func_00152040	gameplay/game_00.012
0x00152160	func_00152160	gameplay/game_00.012
0x001522E0	func_001522E0	gameplay/game_01.002
0x00152300	func_00152300	gameplay/game_01.002
0x00152380	func_00152380	gameplay/game_01.002
0x00152400	func_00152400	gameplay/game_01.002
0x00152500	func_00152500	gameplay/game_01.002
0x001525D0	func_001525D0	gameplay/game_01.002
0x00152600	func_00152600	gameplay/game_01.002
0x00152630	func_00152630	gameplay/game_00.011
0x00152640	func_00152640	platform
0x001526C0	func_001526C0	gameplay/game_00.011
0x00152700	func_00152700	gameplay/game_00.012
0x00152960	func_00152960	gameplay/game_00.012
0x00152B20	func_00152B20	gameplay/game_00.012
0x00152BC0	func_00152BC0	platform
0x001530C0	func_001530C0	platform
0x001535C0	func_001535C0	platform
0x001537D0	func_001537D0	platform
0x001541C0	func_001541C0	platform
0x00154AC0	func_00154AC0	platform
0x00154C70	func_00154C70	platform
0x00154EF0	func_00154EF0	platform
0x001552F0	func_001552F0	platform
0x001556C0	func_001556C0	platform
0x001558A0	func_001558A0	platform
0x00155CC0	func_00155CC0	platform
0x00155F90	func_00155F90	platform
0x001561B0	func_001561B0	gameplay/game_01.001
0x001562A0	func_001562A0	gameplay/game_01.001
0x00156300	func_00156300	gameplay/game_00.012
0x001563D0	func_001563D0	gameplay/game_00.012
0x00156460	func_00156460	platform
0x00156620	func_00156620	gameplay/game_00.012
0x001568E0	func_001568E0	platform
0x001569A0	func_001569A0	gameplay/game_01.004
0x00156A70	func_00156A70	platform
0x00156B40	func_00156B40	platform
0x00156DC0	func_00156DC0	gameplay/game_01.004
0x00156E20	func_00156E20	gameplay/game_01.004
0x00156E30	func_00156E30	gameplay/game_01.004
0x00156E40	func_00156E40	gameplay/game_01.004
0x00157010	func_00157010	gameplay/game_01.004
0x00157070	func_00157070	platform
0x001571D0	func_001571D0	platform
0x001574B0	func_001574B0	gameplay/game_01.004
0x00157550	func_00157550	gameplay/game_01.004
0x001575E0	func_001575E0	gameplay/game_01.004
0x00157650	func_00157650	gameplay/game_01.004
0x00157690	func_00157690	gameplay/game_01.004
0x001578C0	func_001578C0	gameplay/game_01.004
0x00157920	func_00157920	platform
0x00157C60	func_00157C60	gameplay/game_01.004
0x00157CC0	func_00157CC0	gameplay/game_01.004
0x00157D60	func_00157D60	gameplay/game_01.004
0x00157DF0	func_00157DF0	gameplay/game_01.004
0x00157E60	func_00157E60	gameplay/game_01.004
0x00157EA0	func_00157EA0	gameplay/game_01.004
0x001580D0	func_001580D0	gameplay/game_01.004
0x00158130	func_00158130	platform
0x00158470	func_00158470	gameplay/game_00.013
0x001584D0	func_001584D0	gameplay/game_00.013
0x001585F0	func_001585F0	gameplay/game_00.013
0x00158670	func_00158670	gameplay/game_00.013
0x00158690	func_00158690	gameplay/game_00.013
0x001586E0	func_001586E0	gameplay/game_00.013
0x00158B70	func_00158B70	gameplay/game_00.013
0x00158C80	func_00158C80	platform
0x00158FD0	func_00158FD0	gameplay/game_00.013
0x001591C0	func_001591C0	gameplay/game_00.013
0x00159330	func_00159330	gameplay/game_00.013
0x00159340	func_00159340	gameplay/game_00.013
0x00159370	func_00159370	gameplay/game_00.013
0x00159400	func_00159400	gameplay/game_00.013
0x00159430	func_00159430	platform
0x00159520	func_00159520	gameplay/game_00.013
0x00159650	func_00159650	gameplay/game_00.013
0x00159820	func_00159820	gameplay/game_00.013
0x00159860	func_00159860	gameplay/game_00.013
0x00159920	func_00159920	platform
0x00159B10	func_00159B10	gameplay/game_00.013
0x00159BF0	func_00159BF0	platform
0x00159E20	func_00159E20	gameplay/game_00.013
0x00159E80	func_00159E80	gameplay/game_00.013
0x00159EE0	func_00159EE0	gameplay/game_00.013
0x00159F10	func_00159F10	gameplay/game_00.012
0x00159F20	func_00159F20	gameplay/game_00.012
0x00159F30	func_00159F30	gameplay/game_00.012
0x0015A3C0	func_0015A3C0	gameplay/game_00.012
0x0015A4A0	func_0015A4A0	platform
0x0015A780	func_0015A780	gameplay/game_00.006
0x0015AAC0	func_0015AAC0	gameplay/game_00.006
0x0015AC70	func_0015AC70	gameplay/game_01.003
0x0015ACA0	func_0015ACA0	gameplay/game_01.003
0x0015AD30	func_0015AD30	gameplay/game_01.003
0x0015AD60	func_0015AD60	platform
0x0015AFB0	func_0015AFB0	platform
0x0015B2C0	func_0015B2C0	platform
0x0015B500	func_0015B500	gameplay/game_01.003
0x0015B540	func_0015B540	gameplay/game_01.003
0x0015B620	func_0015B620	platform
0x0015B800	func_0015B800	gameplay/game_01.003
0x0015B8E0	func_0015B8E0	gameplay/game_01.003
0x0015BA00	func_0015BA00	gameplay/game_01.003
0x0015BA80	func_0015BA80	gameplay/game_00.013
0x0015BBB0	func_0015BBB0	gameplay/game_00.013
0x0015BD00	func_0015BD00	gameplay/game_00.013
0x0015BD80	func_0015BD80	gameplay/game_00.012
0x0015BE20	func_0015BE20	gameplay/game_00.012
0x0015BE80	func_0015BE80	platform
0x0015C130	func_0015C130	gameplay/game_00.012
0x0015C1A0	func_0015C1A0	gameplay/game_01.001
0x0015C300	func_0015C300	gameplay/game_01.001
0x0015C480	func_0015C480	platform
0x0015C790	func_0015C790	core
0x0015C8F0	func_0015C8F0	gameplay/game_01.001
0x0015CB40	func_0015CB40	core
0x0015CD50	func_0015CD50	platform
0x0015D100	func_0015D100	gameplay/game_01.001
0x0015D2B0	func_0015D2B0	gameplay/game_01.001
0x0015D490	func_0015D490	gameplay/game_00.006
0x0015D4E0	func_0015D4E0	gameplay/game_00.012
0x0015D510	func_0015D510	gameplay/game_00.012
0x0015D520	func_0015D520	gameplay/game_00.012
0x0015D530	func_0015D530	gameplay/game_00.012
0x0015D540	func_0015D540	gameplay/game_00.012
0x0015D550	func_0015D550	gameplay/game_00.012
0x0015D600	func_0015D600	gameplay/game_00.012
0x0015D650	func_0015D650	gameplay/game_01.002
0x0015D850	func_0015D850	platform
0x0015D9C0	func_0015D9C0	platform
0x0015DA40	func_0015DA40	platform
0x0015DC70	func_0015DC70	platform
0x0015DF00	func_0015DF00	platform
0x0015E000	func_0015E000	platform
0x0015E070	func_0015E070	gameplay/game_01.002
0x0015E160	func_0015E160	platform
0x0015E340	func_0015E340	platform
0x0015E520	func_0015E520	platform
0x0015E9B0	func_0015E9B0	platform
0x0015EB70	func_0015EB70	gameplay/game_01.002
0x0015ECA0	func_0015ECA0	gameplay/game_01.002
0x0015ED00	func_0015ED00	gameplay/game_01.002
0x0015ED90	func_0015ED90	platform
0x0015EF70	func_0015EF70	platform
0x0015F260	func_0015F260	platform
0x0015F420	func_0015F420	platform
0x0015F650	func_0015F650	platform
0x0015F7C0	func_0015F7C0	platform
0x0015F900	func_0015F900	platform
0x0015FAF0	func_0015FAF0	platform
0x0015FCD0	func_0015FCD0	platform
0x0015FEF0	func_0015FEF0	platform
0x00160200	func_00160200	platform
0x001602F0	func_001602F0	gameplay/game_00.012
0x001603F0	func_001603F0	gameplay/game_00.012
0x00160460	func_00160460	platform
0x00160640	func_00160640	gameplay/game_00.012
0x001608D0	func_001608D0	gameplay/game_00.005
0x00160940	func_00160940	gameplay/game_00.005
0x001609D0	func_001609D0	gameplay/game_00.005
0x00160CE0	func_00160CE0	gameplay/game_00.005
0x00160D40	func_00160D40	gameplay/game_01.004
0x00161160	func_00161160	gameplay/game_01.004
0x00161250	func_00161250	platform
0x001615D0	func_001615D0	gameplay/game_01.004
0x001617A0	func_001617A0	gameplay/game_01.004
0x001617F0	func_001617F0	gameplay/game_01.004
0x00161840	func_00161840	gameplay/game_01.004
0x00161980	func_00161980	gameplay/game_01.004
0x001619E0	func_001619E0	gameplay/game_01.004
0x00161A90	func_00161A90	platform
0x00161CF0	func_00161CF0	platform
0x00162350	func_00162350	platform
0x00162790	func_00162790	gameplay/game_01.004
0x001627B0	func_001627B0	gameplay/game_01.004
0x00162870	func_00162870	gameplay/game_01.004
0x00162900	func_00162900	gameplay/game_01.004
0x00162930	func_00162930	gameplay/game_01.004
0x00162AF0	func_00162AF0	gameplay/game_01.004
0x00162B90	func_00162B90	gameplay/game_01.004
0x00162D20	func_00162D20	gameplay/game_01.004
0x00162D90	func_00162D90	platform
0x00163150	func_00163150	gameplay/game_01.004
0x00163470	func_00163470	gameplay/game_01.001
0x00163480	func_00163480	gameplay/game_01.001
0x00163490	func_00163490	platform
0x001636C0	func_001636C0	platform
0x00163710	func_00163710	platform
0x00163A30	func_00163A30	gameplay/game_01.001
0x00163A90	func_00163A90	gameplay/game_01.001
0x00163B60	func_00163B60	gameplay/game_01.001
0x00163CC0	func_00163CC0	platform
0x00163FE0	func_00163FE0	gameplay/game_01.001
0x00164040	func_00164040	gameplay/game_01.001
0x00164100	func_00164100	platform
0x00164200	func_00164200	platform
0x00164520	func_00164520	gameplay/game_00.013
0x00164580	func_00164580	gameplay/game_00.013
0x00164690	func_00164690	gameplay/game_00.013
0x00164700	func_00164700	gameplay/game_00.013
0x001647D0	func_001647D0	gameplay/game_00.013
0x00164930	func_00164930	gameplay/game_00.013
0x00164A80	func_00164A80	platform
0x00164B10	func_00164B10	platform
0x00164E80	func_00164E80	gameplay/game_00.013
0x00164EE0	func_00164EE0	gameplay/game_00.013
0x00164F20	func_00164F20	platform
0x00165090	func_00165090	gameplay/game_00.013
0x00165100	func_00165100	platform
0x001651D0	func_001651D0	platform
0x00165300	func_00165300	gameplay/game_00.013
0x001653D0	func_001653D0	gameplay/game_00.013
0x00165420	func_00165420	gameplay/game_00.013
0x001656D0	func_001656D0	gameplay/game_00.013
0x00165730	func_00165730	gameplay/game_00.006
0x00165800	func_00165800	platform
0x00165980	func_00165980	gameplay/game_01.001
0x00165DC0	func_00165DC0	gameplay/game_01.001
0x00165E20	func_00165E20	gameplay/game_01.001
0x00165FF0	func_00165FF0	gameplay/game_01.001
0x00166060	func_00166060	gameplay/game_01.001
0x00166210	func_00166210	gameplay/game_01.001
0x001664F0	func_001664F0	gameplay/game_01.001
0x00166690	func_00166690	gameplay/game_01.001
0x001666F0	func_001666F0	gameplay/game_00.006
0x001667C0	func_001667C0	gameplay/game_00.006
0x001668D0	func_001668D0	gameplay/game_00.006
0x001669A0	func_001669A0	gameplay/game_00.006
0x00166C20	func_00166C20	gameplay/game_00.013
0x00166D30	func_00166D30	gameplay/game_00.013
0x00166D90	func_00166D90	gameplay/game_00.013
0x00166DE0	func_00166DE0	gameplay/game_00.013
0x00167180	func_00167180	gameplay/game_00.013
0x00167200	func_00167200	gameplay/game_00.013
0x001672B0	func_001672B0	gameplay/game_00.012
0x001673C0	func_001673C0	platform
0x00167760	func_00167760	gameplay/game_00.012
0x00167810	func_00167810	platform
0x00167BB0	func_00167BB0	gameplay/game_01.005
0x00167E20	func_00167E20	gameplay/game_01.005
0x00167ED0	func_00167ED0	platform
0x00168080	func_00168080	gameplay/game_01.005
0x00168360	func_00168360	gameplay/game_01.005
0x001683A0	func_001683A0	gameplay/game_01.005
0x001683E0	func_001683E0	gameplay/game_01.005
0x001683F0	func_001683F0	gameplay/game_01.005
0x00168470	func_00168470	gameplay/game_01.005
0x00168530	func_00168530	platform
0x00168630	func_00168630	gameplay/game_01.005
0x00168680	func_00168680	platform
0x001688F0	func_001688F0	platform
0x00168BF0	func_00168BF0	gameplay/game_01.005
0x00168DE0	func_00168DE0	gameplay/game_01.005
0x00168E20	func_00168E20	gameplay/game_01.005
0x00168E30	func_00168E30	gameplay/game_01.005
0x001690A0	func_001690A0	gameplay/game_01.005
0x00169120	func_00169120	platform
0x001692B0	func_001692B0	gameplay/game_01.005
0x00169590	func_00169590	gameplay/game_01.005
0x001695A0	func_001695A0	gameplay/game_01.005
0x001696B0	func_001696B0	gameplay/game_01.005
0x001696C0	func_001696C0	gameplay/game_01.005
0x001696D0	func_001696D0	gameplay/game_01.001
0x00169870	func_00169870	gameplay/game_01.001
0x00169930	func_00169930	gameplay/game_01.001
0x00169A40	func_00169A40	gameplay/game_01.001
0x00169A50	func_00169A50	gameplay/game_01.001
0x00169A60	func_00169A60	gameplay/game_01.001
0x00169A70	func_00169A70	gameplay/game_01.001
0x00169A80	func_00169A80	gameplay/game_01.001
0x00169A90	func_00169A90	platform
0x00169E00	func_00169E00	gameplay/game_00.012
0x00169EC0	func_00169EC0	gameplay/game_00.012
0x0016A0A0	func_0016A0A0	gameplay/game_00.003
0x0016A4F0	func_0016A4F0	gameplay/game_00.012
0x0016A550	func_0016A550	platform
0x0016A6C0	func_0016A6C0	platform
0x0016A970	func_0016A970	platform
0x0016ACC0	func_0016ACC0	platform
0x0016B000	func_0016B000	platform
0x0016B170	func_0016B170	gameplay/game_00.012
0x0016B1D0	func_0016B1D0	platform
0x0016B250	func_0016B250	platform
0x0016B480	func_0016B480	gameplay/game_00.012
0x0016B5F0	func_0016B5F0	gameplay/game_00.012
0x0016B680	func_0016B680	gameplay/game_00.006
0x0016B690	func_0016B690	gameplay/game_00.006
0x0016B6A0	func_0016B6A0	gameplay/game_00.006
0x0016B6B0	func_0016B6B0	core
0x0016B730	func_0016B730	gameplay/game_00.006
0x0016B790	func_0016B790	platform
0x0016B960	func_0016B960	platform
0x0016BC10	func_0016BC10	gameplay/game_00.006
0x0016BDF0	func_0016BDF0	gameplay/game_00.012
0x0016BE10	func_0016BE10	gameplay/game_00.012
0x0016BE80	func_0016BE80	gameplay/game_00.011
0x0016BEA0	func_0016BEA0	gameplay/game_00.006
0x0016BEB0	func_0016BEB0	gameplay/game_00.011
0x0016BED0	func_0016BED0	gameplay/game_01.003
0x0016C040	func_0016C040	platform
0x0016C150	func_0016C150	gameplay/game_00.007
0x0016C260	func_0016C260	gameplay/game_00.007
0x0016C2A0	func_0016C2A0	gameplay/game_01.006
0x0016C340	func_0016C340	gameplay/game_01.006
0x0016C3B0	func_0016C3B0	gameplay/game_01.006
0x0016C480	func_0016C480	gameplay/game_01.006
0x0016C690	func_0016C690	gameplay/game_01.006
0x0016C710	func_0016C710	gameplay/game_01.006
0x0016C720	func_0016C720	gameplay/game_01.006
0x0016C780	func_0016C780	gameplay/game_01.006
0x0016C790	func_0016C790	gameplay/game_01.006
0x0016C980	func_0016C980	gameplay/game_01.006
0x0016CA40	func_0016CA40	gameplay/game_00.014
0x0016CE60	func_0016CE60	gameplay/game_00.013
0x0016CF10	func_0016CF10	gameplay/game_01.003
0x0016D0D0	func_0016D0D0	gameplay/game_00.003
0x0016D0F0	func_0016D0F0	gameplay/game_00.003
0x0016D1D0	func_0016D1D0	gameplay/game_01.007
0x0016D240	func_0016D240	gameplay/game_01.007
0x0016D250	func_0016D250	gameplay/game_01.007
0x0016D2A0	func_0016D2A0	gameplay/game_01.007
0x0016D360	func_0016D360	gameplay/game_01.007
0x0016D3D0	func_0016D3D0	gameplay/game_01.007
0x0016D430	func_0016D430	platform
0x0016D510	func_0016D510	gameplay/game_01.007
0x0016D560	func_0016D560	gameplay/game_01.007
0x0016D620	func_0016D620	gameplay/game_01.007
0x0016D660	func_0016D660	gameplay/game_01.007
0x0016D670	func_0016D670	gameplay/game_01.007
0x0016D680	func_0016D680	gameplay/game_01.007
0x0016D690	func_0016D690	gameplay/game_01.007
0x0016D6B0	func_0016D6B0	gameplay/game_01.003
0x0016D6E0	func_0016D6E0	gameplay/game_01.003
0x0016D770	func_0016D770	gameplay/game_01.003
0x0016D830	func_0016D830	gameplay/game_01.003
0x0016D8A0	func_0016D8A0	gameplay/game_01.003
0x0016D900	func_0016D900	gameplay/game_01.003
0x0016D910	func_0016D910	gameplay/game_01.003
0x0016D9F0	func_0016D9F0	platform
0x0016DA20	func_0016DA20	gameplay/game_01.003
0x0016DAA0	func_0016DAA0	gameplay/game_01.003
0x0016DB10	func_0016DB10	platform
0x0016DBA0	func_0016DBA0	platform
0x0016DC30	func_0016DC30	gameplay/game_01.003
0x0016DC40	func_0016DC40	gameplay/game_01.003
0x0016DC80	func_0016DC80	gameplay/game_01.003
0x0016DCD0	func_0016DCD0	gameplay/game_01.003
0x0016DCF0	func_0016DCF0	gameplay/game_01.003
0x0016DD60	func_0016DD60	gameplay/game_01.003
0x0016DDD0	func_0016DDD0	gameplay/game_01.003
0x0016DE30	func_0016DE30	platform
0x0016DF60	func_0016DF60	platform
0x0016DFF0	func_0016DFF0	platform
0x0016E040	func_0016E040	platform
0x0016E0B0	func_0016E0B0	platform
0x0016E120	func_0016E120	platform
0x0016E270	func_0016E270	platform
0x0016E2D0	func_0016E2D0	platform
0x0016E340	func_0016E340	gameplay/game_01.003
0x0016E390	func_0016E390	gameplay/game_00.014
0x0016E3A0	func_0016E3A0	gameplay/game_00.014
0x0016E4D0	func_0016E4D0	gameplay/game_00.014
0x0016E5A0	func_0016E5A0	gameplay/game_00.014
0x0016E740	func_0016E740	gameplay/game_01.008
0x0016E760	func_0016E760	gameplay/game_01.008
0x0016E780	func_0016E780	gameplay/game_01.008
0x0016E790	func_0016E790	gameplay/game_01.008
0x0016E920	func_0016E920	gameplay/game_01.008
0x0016E9A0	func_0016E9A0	platform
0x0016EA40	func_0016EA40	platform
0x0016EB20	func_0016EB20	platform
0x0016ED20	func_0016ED20	platform
0x0016EFC0	func_0016EFC0	platform
0x0016F170	func_0016F170	platform
0x0016F360	func_0016F360	platform
0x0016F480	func_0016F480	gameplay/game_01.008
0x0016F510	func_0016F510	platform
0x0016F670	func_0016F670	platform
0x0016F790	func_0016F790	platform
0x0016F850	func_0016F850	gameplay/game_01.008
0x0016F8E0	func_0016F8E0	gameplay/game_00.012
0x0016F940	func_0016F940	gameplay/game_00.009
0x0016F9F0	func_0016F9F0	gameplay/game_00.009
0x0016FA00	func_0016FA00	gameplay/game_00.009
0x0016FA10	func_0016FA10	gameplay/game_00.009
0x0016FA20	func_0016FA20	gameplay/game_00.009
0x0016FA30	func_0016FA30	gameplay/game_00.009
0x0016FA40	func_0016FA40	gameplay/game_00.009
0x0016FA50	func_0016FA50	gameplay/game_01.008
0x0016FA80	func_0016FA80	gameplay/game_01.008
0x0016FAB0	func_0016FAB0	gameplay/game_00.009
0x0016FBE0	func_0016FBE0	gameplay/game_00.006
0x0016FCC0	func_0016FCC0	gameplay/game_00.006
0x0016FDE0	func_0016FDE0	gameplay/game_00.014
0x0016FE90	func_0016FE90	platform
0x00170100	func_00170100	gameplay/game_00.014
0x00170200	func_00170200	gameplay/game_00.014
0x001702A0	func_001702A0	gameplay/game_00.014
0x00170540	func_00170540	gameplay/game_00.009
0x001705E0	func_001705E0	platform
0x00170790	func_00170790	gameplay/game_00.009
0x00170980	func_00170980	gameplay/game_00.009
0x00170AB0	func_00170AB0	gameplay/game_00.009
0x00170BE0	func_00170BE0	gameplay/game_00.009
0x00170C00	func_00170C00	gameplay/game_00.009
0x00170C20	func_00170C20	gameplay/game_00.009
0x00170CD0	func_00170CD0	gameplay/game_00.009
0x00170E00	func_00170E00	gameplay/game_00.009
0x00170F30	func_00170F30	gameplay/game_00.009
0x00171070	func_00171070	gameplay/game_00.009
0x001710D0	func_001710D0	gameplay/game_00.009
0x001711B0	func_001711B0	gameplay/game_00.009
0x00171260	func_00171260	gameplay/game_00.009
0x00171320	func_00171320	gameplay/game_00.009
0x00171510	func_00171510	gameplay/game_00.009
0x00171760	func_00171760	gameplay/game_00.009
0x00171960	func_00171960	gameplay/game_00.009
0x00171B90	func_00171B90	gameplay/game_00.009
0x00171CC0	func_00171CC0	gameplay/game_00.009
0x00171DF0	func_00171DF0	gameplay/game_00.009
0x00171F10	func_00171F10	gameplay/game_00.014
0x00171FB0	func_00171FB0	gameplay/game_00.014
0x00172060	func_00172060	platform
0x00172170	func_00172170	gameplay/game_00.014
0x00172280	func_00172280	gameplay/game_00.002
0x00172410	func_00172410	gameplay/game_00.002
0x001724A0	func_001724A0	gameplay/game_00.009
0x001724D0	func_001724D0	gameplay/game_00.009
0x001724F0	func_001724F0	gameplay/game_00.009
0x00172520	func_00172520	gameplay/game_00.009
0x00172740	func_00172740	gameplay/game_01.003
0x00172860	func_00172860	gameplay/game_01.003
0x00172890	func_00172890	gameplay/game_01.003
0x00172A40	func_00172A40	gameplay/game_01.003
0x00172A80	func_00172A80	gameplay/game_01.003
0x00172AA0	func_00172AA0	gameplay/game_01.003
0x00172BC0	func_00172BC0	gameplay/game_01.003
0x00172BF0	func_00172BF0	gameplay/game_01.003
0x00172C00	func_00172C00	gameplay/game_01.008
0x00172C60	func_00172C60	gameplay/game_01.008
0x00172CC0	func_00172CC0	gameplay/game_00.014
0x00172D10	func_00172D10	gameplay/game_00.014
0x00172D50	func_00172D50	gameplay/game_01.006
0x00172DA0	func_00172DA0	core
0x00172E80	func_00172E80	core
0x00172F60	func_00172F60	gameplay/game_01.006
0x00173070	func_00173070	gameplay/game_01.006
0x00173120	func_00173120	gameplay/game_01.006
0x00173180	func_00173180	gameplay/game_00.009
0x00173360	func_00173360	gameplay/game_00.009
0x001733C0	func_001733C0	platform
0x00173440	func_00173440	gameplay/game_00.009
0x00173990	func_00173990	gameplay/game_00.009
0x00173BA0	func_00173BA0	gameplay/game_00.009
0x00173C00	func_00173C00	platform
0x00173CC0	func_00173CC0	gameplay/game_00.009
0x00173F40	func_00173F40	gameplay/game_00.009
0x00174150	func_00174150	gameplay/game_00.009
0x001741B0	func_001741B0	platform
0x00174270	func_00174270	gameplay/game_00.009
0x00174620	func_00174620	gameplay/game_00.009
0x00174730	func_00174730	platform
0x00174860	func_00174860	gameplay/game_00.006
0x001748D0	func_001748D0	platform
0x00174A40	func_00174A40	platform
0x00174B30	func_00174B30	platform
0x00174DD0	func_00174DD0	gameplay/game_00.006
0x00174EF0	func_00174EF0	gameplay/game_00.006
0x00174FB0	func_00174FB0	gameplay/game_00.006
0x00175010	func_00175010	gameplay/game_00.006
0x001750C0	func_001750C0	platform
0x001753F0	func_001753F0	gameplay/game_00.006
0x00175490	func_00175490	gameplay/game_00.006
0x001754F0	func_001754F0	gameplay/game_00.006
0x00175650	func_00175650	platform
0x001757E0	func_001757E0	gameplay/game_00.002
0x00175860	func_00175860	gameplay/game_00.002
0x00175970	func_00175970	gameplay/game_00.002
0x00175B60	func_00175B60	gameplay/game_00.002
0x00175C00	func_00175C00	gameplay/game_00.002
0x00175C90	func_00175C90	gameplay/game_00.003
0x00175DA0	func_00175DA0	gameplay/game_00.002
0x00175EF0	func_00175EF0	gameplay/game_00.002
0x00175F20	func_00175F20	gameplay/game_00.002
0x00176050	func_00176050	gameplay/game_00.002
0x001760D0	func_001760D0	platform
0x00176200	func_00176200	platform
0x001763A0	func_001763A0	gameplay/game_00.002
0x001764C0	func_001764C0	gameplay/game_00.002
0x00176530	func_00176530	gameplay/game_00.002
0x00176690	func_00176690	gameplay/game_00.002
0x00176730	func_00176730	gameplay/game_00.002
0x001767A0	func_001767A0	gameplay/game_00.003
0x001768B0	func_001768B0	gameplay/game_01.009
0x00176A00	func_00176A00	gameplay/game_01.009
0x00176A30	func_00176A30	gameplay/game_01.009
0x00176B40	func_00176B40	gameplay/game_01.009
0x00176BB0	func_00176BB0	gameplay/game_01.009
0x00176C10	func_00176C10	gameplay/game_01.009
0x00176C60	func_00176C60	gameplay/game_01.009
0x00176F30	func_00176F30	gameplay/game_01.009
0x00176F40	func_00176F40	gameplay/game_01.009
0x00176F50	func_00176F50	gameplay/game_01.009
0x00176F60	func_00176F60	gameplay/game_01.009
0x00176F70	func_00176F70	gameplay/game_01.009
0x00176F80	func_00176F80	gameplay/game_01.009
0x00177020	func_00177020	gameplay/game_01.009
0x00177080	func_00177080	platform
0x00177170	func_00177170	gameplay/game_00.014
0x001771C0	func_001771C0	gameplay/game_00.014
0x001774A0	func_001774A0	gameplay/game_00.014
0x00177540	func_00177540	platform
0x00177A30	func_00177A30	gameplay/game_00.014
0x00177CF0	func_00177CF0	gameplay/game_01.008
0x00177D00	func_00177D00	gameplay/game_01.008
0x00177F90	func_00177F90	gameplay/game_01.008
0x00177FF0	func_00177FF0	gameplay/game_01.008
0x00178020	func_00178020	platform
0x001780C0	func_001780C0	gameplay/game_00.009
0x00178320	func_00178320	gameplay/game_00.014
0x00178380	func_00178380	gameplay/game_00.014
0x00178460	func_00178460	gameplay/game_00.014
0x001784A0	func_001784A0	gameplay/game_00.002
0x00178520	func_00178520	gameplay/game_00.002
0x00178630	func_00178630	gameplay/game_00.002
0x00178770	func_00178770	gameplay/game_00.002
0x00178810	func_00178810	gameplay/game_00.002
0x00178880	func_00178880	gameplay/game_00.003
0x00178990	func_00178990	gameplay/game_01.008
0x00178AE0	func_00178AE0	gameplay/game_01.008
0x00178B10	func_00178B10	gameplay/game_01.008
0x00178B30	func_00178B30	gameplay/game_01.008
0x00178DC0	func_00178DC0	gameplay/game_01.008
0x00178E20	func_00178E20	gameplay/game_01.008
0x00178E60	func_00178E60	gameplay/game_01.008
0x00178EF0	func_00178EF0	gameplay/game_01.008
0x00178FC0	func_00178FC0	platform
0x001790E0	func_001790E0	platform
0x00179360	func_00179360	gameplay/game_01.008
0x001793C0	func_001793C0	gameplay/game_00.014
0x00179610	func_00179610	gameplay/game_00.014
0x00179690	func_00179690	platform
0x00179870	func_00179870	gameplay/game_00.014
0x001798B0	func_001798B0	platform
0x00179A80	func_00179A80	gameplay/game_00.014
0x00179AC0	func_00179AC0	gameplay/game_00.014
0x00179B20	func_00179B20	gameplay/game_00.014
0x00179CF0	func_00179CF0	gameplay/game_00.014
0x00179D00	func_00179D00	gameplay/game_00.014
0x00179D10	func_00179D10	gameplay/game_00.014
0x00179D20	func_00179D20	gameplay/game_00.014
0x00179D30	func_00179D30	gameplay/game_00.014
0x00179D80	func_00179D80	platform
0x00179DF0	func_00179DF0	gameplay/game_01.008
0x00179E20	func_00179E20	gameplay/game_01.008
0x00179E80	func_00179E80	gameplay/game_01.008
0x00179EC0	func_00179EC0	gameplay/game_01.008
0x00179F40	func_00179F40	gameplay/game_01.008
0x00179F90	func_00179F90	platform
0x0017A220	func_0017A220	gameplay/game_01.008
0x0017A270	func_0017A270	gameplay/game_01.008
0x0017A3D0	func_0017A3D0	gameplay/game_01.008
0x0017A400	func_0017A400	gameplay/game_01.008
0x0017A5B0	func_0017A5B0	gameplay/game_01.008
0x0017A5E0	func_0017A5E0	gameplay/game_01.008
0x0017A640	func_0017A640	gameplay/game_01.008
0x0017A670	func_0017A670	gameplay/game_01.008
0x0017A950	func_0017A950	gameplay/game_01.008
0x0017A980	func_0017A980	gameplay/game_01.008
0x0017ABC0	func_0017ABC0	platform
0x0017AC80	func_0017AC80	platform
0x0017AFC0	func_0017AFC0	platform
0x0017B050	func_0017B050	gameplay/game_00.009
0x0017B170	func_0017B170	gameplay/game_01.008
0x0017B530	func_0017B530	gameplay/game_01.008
0x0017B7A0	func_0017B7A0	gameplay/game_01.008
0x0017B930	func_0017B930	gameplay/game_01.003
0x0017B960	func_0017B960	platform
0x0017BA40	func_0017BA40	gameplay/game_00.014
0x0017BBA0	func_0017BBA0	gameplay/game_00.003
0x0017BC80	func_0017BC80	gameplay/game_01.008
0x0017BD40	func_0017BD40	gameplay/game_01.008
0x0017BE20	func_0017BE20	platform
0x0017BEE0	func_0017BEE0	gameplay/game_01.008
0x0017BEF0	func_0017BEF0	platform
0x0017C0A0	func_0017C0A0	platform
0x0017C1B0	func_0017C1B0	gameplay/game_01.008
0x0017C370	func_0017C370	gameplay/game_01.008
0x0017C3C0	func_0017C3C0	platform
0x0017C430	func_0017C430	platform
0x0017C4A0	func_0017C4A0	platform
0x0017C510	func_0017C510	gameplay/game_01.008
0x0017C5C0	func_0017C5C0	platform
0x0017C660	func_0017C660	gameplay/game_01.008
0x0017C7A0	func_0017C7A0	gameplay/game_01.008
0x0017C7E0	func_0017C7E0	gameplay/game_01.008
0x0017C840	func_0017C840	platform
0x0017CA50	func_0017CA50	gameplay/game_01.008
0x0017CAB0	func_0017CAB0	platform
0x0017CBC0	func_0017CBC0	platform
0x0017CCE0	func_0017CCE0	gameplay/game_01.008
0x0017CE00	func_0017CE00	platform
0x0017D040	func_0017D040	gameplay/game_01.008
0x0017D0A0	func_0017D0A0	platform
0x0017D190	func_0017D190	gameplay/game_01.008
0x0017D320	func_0017D320	platform
0x0017D560	func_0017D560	gameplay/game_01.008
0x0017D5C0	func_0017D5C0	platform
0x0017D6B0	func_0017D6B0	gameplay/game_01.008
0x0017D950	func_0017D950	platform
0x0017DB90	func_0017DB90	gameplay/game_01.008
0x0017DBF0	func_0017DBF0	gameplay/game_00.012
0x0017DD30	func_0017DD30	gameplay/game_00.012
0x0017DE30	func_0017DE30	platform
0x0017DF40	func_0017DF40	gameplay/game_00.014
0x0017DFC0	func_0017DFC0	gameplay/game_00.014
0x0017E150	func_0017E150	gameplay/game_00.014
0x0017E200	func_0017E200	gameplay/game_00.002
0x0017E270	func_0017E270	gameplay/game_00.003
0x0017E3A0	func_0017E3A0	gameplay/game_01.010
0x0017E4F0	func_0017E4F0	gameplay/game_01.010
0x0017E520	func_0017E520	gameplay/game_01.010
0x0017E640	func_0017E640	gameplay/game_01.010
0x0017E6C0	func_0017E6C0	platform
0x0017E890	func_0017E890	platform
0x0017EA30	func_0017EA30	gameplay/game_01.010
0x0017EB50	func_0017EB50	gameplay/game_01.010
0x0017EC20	func_0017EC20	gameplay/game_01.010
0x0017EC80	func_0017EC80	platform
0x0017ED50	func_0017ED50	platform
